title,url,score,num_comments,author,subreddit,selftext
"Best Tools for Prompt Engineering (2025)",https://www.reddit.com/r/PromptEngineering/comments/1mc4ifr/best_tools_for_prompt_engineering_2025/,70,14,PromptPro2025,PromptEngineering,"Comprehensive guide covering Maxim AI for LLM agents, AgentMark for evaluation, and other cutting-edge prompt engineering tools."
"I tested 1000 ChatGPT prompts in 2025. Here's the exact framework that keeps winning",https://www.reddit.com/r/PromptEngineering/comments/1o784br/i_tested_1000_chatgpt_prompts_in_2025_heres_the/,245,42,PromptTester,PromptEngineering,"After testing 1000+ prompts, one framework consistently outperforms others. Sharing the methodology and best practices."
"10 months into 2025, what's your best use case, tools for AI?",https://www.reddit.com/r/PromptEngineering/comments/1olcfya/10_months_into_2025_whats_your_best_use_case/,89,67,AICurious,PromptEngineering,"Community discussion on the most impactful AI use cases and tools discovered in 2025."
"Advanced Prompt Engineering Techniques for 2025",https://www.reddit.com/r/PromptEngineering/comments/1k7jrt7/advanced_prompt_engineering_techniques_for_2025/,156,28,TechWriterAI,PromptEngineering,"Cutting-edge techniques that have dramatically improved results with latest LLMs including chain-of-thought and few-shot variants."
"Advances in LLM Prompting and Model Capabilities",https://www.reddit.com/r/PromptEngineering/comments/1ki9qwb/advances_in_llm_prompting_and_model_capabilities/,134,31,LLMResearcher,PromptEngineering,"Breakdown of important developments in AI prompting and new model capabilities."
"ChatGPT vs Claude in 2025: Am I Paying for Less Features?",https://www.reddit.com/r/ClaudeAI/comments/1iom2lh/chatgpt_vs_claude_in_2025_am_i_paying_for_less/,312,89,AIComparisons,ClaudeAI,"Comparison of Claude Professional vs ChatGPT, discussing features, pricing, and use cases where each excels."
"As I expected this week or the next the new Claude model will basically revolutionize AI as coding assistants",https://www.reddit.com/r/ClaudeAI/comments/1ix2t75/as_i_expected_this_week_or_the_next_the_new/,428,156,CodeEnthusiast,ClaudeAI,"Discussion about upcoming Claude model release and its potential impact on AI coding assistants."
"Calm Before the Storm?",https://www.reddit.com/r/ClaudeAI/comments/1ium0s5/calm_before_the_storm/,267,78,ClaudeFan,ClaudeAI,"Speculation about upcoming Anthropic releases and model updates."
"Megathread for Claude Performance Discussion",https://www.reddit.com/r/ClaudeAI/comments/1keg4za/megathread_for_claude_performance_discussion/,189,234,ModTeam,ClaudeAI,"Central thread for discussing Claude performance experiences, both positive and negative observations."
"Claude feels mentally challenged in the last few weeks",https://www.reddit.com/r/ClaudeAI/comments/1iev6ea/claude_feels_mentally_challenged_in_the_last_few/,445,198,ConcernedUser,ClaudeAI,"User reporting increased hallucinations and performance issues with Claude recently."
"NEW TOOL - Create a week's worth of posts in under 15 minutes",https://www.reddit.com/r/SideProject/comments/1ih2x9x/new_tool_create_a_weeks_worth_of_posts_in_under/,156,34,ContentCreator,SideProject,"Tool that prompts simple questions and lets you record short videos inside the platform for content creation."
"I Became Obsessed and Built This - Was it worth it?",https://www.reddit.com/r/SideProject/comments/1in5zp4/i_became_obsessed_and_built_this_was_it_worth_it/,2100,97,ObsessedBuilder,SideProject,"Developer shares journey of building a project obsessively and questions if the effort was worthwhile."
"My side project became my main project",https://www.reddit.com/r/SideProject/comments/1ijtlhe/my_side_project_became_my_main_project/,890,56,Entrepreneur2025,SideProject,"Success story of transitioning from side project to full-time business."
"If you're stuck, build a free tool",https://www.reddit.com/r/SideProject/comments/1iumvsp/if_youre_stuck_build_a_free_tool/,445,42,IndieHacker,SideProject,"Advice for developers struggling to find project ideas: build something simple and share it for free."
"I launched my side project! Now what?",https://www.reddit.com/r/SideProject/comments/1irq9ts/i_launched_my_side_project_now_what/,234,89,NewLauncher,SideProject,"Seeking advice on next steps after launching a side project."
"NooB Monday! - February 17, 2025",https://www.reddit.com/r/Entrepreneur/comments/1irgidk/noob_monday_february_17_2025/,45,123,AutoModerator,Entrepreneur,"Weekly thread for new entrepreneurs to ask questions without judgment."
"Today is Day 46 of 2025: What have you accomplished in business?",https://www.reddit.com/r/Entrepreneur/comments/1iqgbwi/feb_15_today_is_day_46_of_2025_what_have_you/,234,156,GoalTracker,Entrepreneur,"Mid-February check-in for entrepreneurs to share accomplishments and challenges faced this year."
"What's a good business idea that isn't oversaturated in 2025?",https://www.reddit.com/r/Entrepreneur/comments/1ihdvad/whats_a_good_business_idea_that_isnt/,567,234,IdeaSeeker,Entrepreneur,"Discussion on business opportunities with low startup costs but high potential in 2025."
"Thank you Thursday! - February 20, 2025",https://www.reddit.com/r/Entrepreneur/comments/1itv35m/thank_you_thursday_february_20_2025/,34,67,AutoModerator,Entrepreneur,"Weekly thread for offering free resources, contests, discounts to the community."
"I made $32 after 16 months of coding. Was it all a waste?",https://www.reddit.com/r/Entrepreneur/comments/1kfpmhy/i_made_32_after_16_months_of_coding_was_it_all_a/,890,312,StrugglingDev,Entrepreneur,"Honest discussion about the struggles of indie development and minimal financial returns."
"Google Search is Almost Unusable in 2025",https://www.reddit.com/r/google/comments/1ik8nw0/google_search_is_almost_unusable_in_2025/,5100,290,SearchFrustrated,google,"Discussion about declining quality of Google Search results, citing too many bots and SEO spam affecting reliability."
"Support Megathread - February 2025",https://www.reddit.com/r/google/comments/1ietbko/support_megathread_february_2025/,23,145,ModTeam,google,"Monthly support hub for all Google products discussion and troubleshooting."
"NotebookLM Plus included with Google Workspace from February 2025",https://www.reddit.com/r/google/comments/1i92rnh/notebooklm_plus_included_with_google_workspace/,445,67,GoogleWorkspaceUser,google,"Announcement about NotebookLM Plus being bundled with Google Workspace subscriptions."
"Google search becoming more and more useless",https://www.reddit.com/r/google/comments/1jjved8/google_search_becoming_more_and_more_useless/,3200,234,OldGoogleFan,google,"User expressing frustration with declining search quality and increased ads."
"NotebookLM: Your Personal AI Assistant & The Art of Organization",https://www.reddit.com/r/google/comments/1jwkhpb/notebooklm_your_personal_ai_assistant_the_art_of/,234,45,AIEnthusiast,google,"Guide on using NotebookLM for university notes and personal organization."
"Anthropic are releasing their new model(s) tomorrow",https://www.reddit.com/r/ClaudeAI/comments/1iwqeoj/anthropic_are_releasing_their_models_tomorrow/,678,234,AIInsider,Anthropic,"Discussion about rumored new Claude models including Claude 3.75 Villanelle and 3.875 Haiku-Plus-Plus."
"Anthropic could dominate the next few months",https://www.reddit.com/r/ClaudeAI/comments/1ijf91l/anthropic_could_dominate_the_next_few_months/,445,123,TechAnalyst,Anthropic,"Analysis suggesting Anthropic is positioned to lead the AI market this year."
"Claude leak: Extended thinking and new tools discovered",https://www.reddit.com/r/singularity/comments/1it2ez2/claude_leak_extended_thinking_and_new_tools/,890,89,LeakTracker,Anthropic,"Leaked information about upcoming Claude features including extended thinking capabilities."
"Anthropic have an Event - Thursday May 22, 2025",https://www.reddit.com/r/ClaudeAI/comments/1krfx8o/anthropic_have_an_event_thursday_may_22_2025/,234,56,EventWatcher,Anthropic,"Announcement of upcoming Anthropic event scheduled for May 2025."
"Its crazy how bad claude has gotten over the past couple weeks",https://www.reddit.com/r/Anthropic/comments/1mgis6w/its_crazy_how_bad_claude_has_gotten_over_the_past/,556,178,ConcernedUser,Anthropic,"User complaining about recent degradation in Claude's performance quality."
"How are you all using notebooklm for personal productivity?",https://www.reddit.com/r/notebooklm/comments/1ivxib6/how_are_you_all_using_notebooklm_for_personal/,89,45,ProductivitySeeker,notebooklm,"Community discussion on personal productivity use cases for NotebookLM."
"NotebookLM Plus included with Google Workspace from February 2025",https://www.reddit.com/r/notebooklm/comments/1i92rnh/notebooklm_plus_included_with_google_workspace/,234,34,WorkspaceAdmin,notebooklm,"Announcement about NotebookLM Plus being included with Google Workspace subscriptions."
"NotebookLM the Most Underrated AI Tool!",https://www.reddit.com/r/ChatGPT/comments/1isvvpr/notebooklm_the_most_underrated_ai_tool/,445,67,AIExplorer,notebooklm,"Review describing NotebookLM as combining best features of ChatGPT and Perplexity."
"2025 Top Reddit Posts From r/NotebookLM (August 2025)",https://www.reddit.com/r/notebooklm/comments/1mk5wfk/2025_top_reddit_posts_from_rnotebooklm_august_2025/,156,23,CommunityManager,notebooklm,"Compilation of top posts from the subreddit with at least 100 upvotes."
"I finally broke my ADHD Digital Graveyard cycle",https://www.reddit.com/r/notebooklm/comments/1p50ldw/i_finally_broke_my_adhd_digital_graveyard_cycle/,312,45,ADHDOrganized,notebooklm,"Personal story of using NotebookLM to overcome information hoarding and actually organize digital content."
"Is Reddit marketing worth it in 2025?",https://www.reddit.com/r/DigitalMarketing/comments/1ou8zk8/is_reddit_marketing_worth_it_in_2025/,234,89,MarketingPro,marketing,"Analysis of Reddit marketing effectiveness in 2025 - engage first, don't just drop links."
"What marketing strategies are driving the most results in 2025?",https://www.reddit.com/r/DigitalMarketing/comments/1n0kv2i/what_marketing_strategies_are_driving_the_most/,445,156,StrategySeeker,marketing,"Short-form video, segmented email/SMS, and community marketing driving best results."
"Social Media Trends and Tactics for 2025",https://www.reddit.com/r/SocialMediaMarketing/comments/1j4h8b1/social_media_trends_and_tactics_for_2025/,312,67,SocialMediaExpert,marketing,"Key insights: Brands posting less but seeing higher engagement. Quality over quantity approach."
"What are the best posting times on Reddit?",https://www.reddit.com/r/DigitalMarketing/comments/1o7eh85/what_are_the_best_posting_times_on_reddit/,178,45,ContentStrategist,marketing,"Discussion on optimal timing for Reddit posts for maximum engagement."
"The first week of 2025: Marketing News you need to know!",https://www.reddit.com/r/Marketingcurated/comments/1hvpi8t/the_first_week_of_2025_marketing_news_you_need_to/,89,23,NewsCurator,marketing,"Weekly roundup of important marketing news and trends for 2025."
